{
  "project_info": {
    "project_number": "314867400893",
    "project_id": "prototipo-primero",
    "storage_bucket": "prototipo-primero.appspot.com"
  },
  "client": [
    {
      "client_info": {
        "mobilesdk_app_id": "1:314867400893:android:6469ac23fb8ee5186677d4",
        "android_client_info": {
          "package_name": "es.udc.psi.ttprototipo1"
        }
      },
      "oauth_client": [],
      "api_key": [
        {
          "current_key": "AIzaSyBZa9rPR8QdGl99RP7f45KpozyMfYIeg80"
        }
      ],
      "services": {
        "appinvite_service": {
          "other_platform_oauth_client": []
        }
      }
    }
  ],
  "configuration_version": "1"
}